-- phpMyAdmin SQL Dump
-- version 5.0.2
-- https://www.phpmyadmin.net/
--
-- Host: 127.0.0.1
-- Waktu pembuatan: 03 Jul 2021 pada 06.56
-- Versi server: 10.4.14-MariaDB
-- Versi PHP: 7.4.10

SET SQL_MODE = "NO_AUTO_VALUE_ON_ZERO";
START TRANSACTION;
SET time_zone = "+00:00";


/*!40101 SET @OLD_CHARACTER_SET_CLIENT=@@CHARACTER_SET_CLIENT */;
/*!40101 SET @OLD_CHARACTER_SET_RESULTS=@@CHARACTER_SET_RESULTS */;
/*!40101 SET @OLD_COLLATION_CONNECTION=@@COLLATION_CONNECTION */;
/*!40101 SET NAMES utf8mb4 */;

--
-- Database: `fp_viafdy_shop`
--

-- --------------------------------------------------------

--
-- Struktur dari tabel `barangs`
--

CREATE TABLE `barangs` (
  `id` bigint(20) UNSIGNED NOT NULL,
  `nama_barang` varchar(255) COLLATE utf8mb4_unicode_ci NOT NULL,
  `harga` int(11) NOT NULL,
  `gambar` varchar(255) COLLATE utf8mb4_unicode_ci NOT NULL,
  `stok` int(11) NOT NULL,
  `keterangan` varchar(255) COLLATE utf8mb4_unicode_ci NOT NULL,
  `created_at` timestamp NULL DEFAULT NULL,
  `updated_at` timestamp NULL DEFAULT NULL
) ENGINE=InnoDB DEFAULT CHARSET=utf8mb4 COLLATE=utf8mb4_unicode_ci;

--
-- Dumping data untuk tabel `barangs`
--

INSERT INTO `barangs` (`id`, `nama_barang`, `harga`, `gambar`, `stok`, `keterangan`, `created_at`, `updated_at`) VALUES
(1, 'Baju Hijau', 153000, 'i1.PNG', 4, 'Warna hijau tua', '2021-07-01 17:00:00', '2021-07-02 09:26:17'),
(2, 'Celana Hits Abiz', 23000, 'i2.PNG', 2, 'Nyaman digunakan untuk jalan-jalan', '2021-07-01 17:00:00', '2021-07-02 09:26:17'),
(3, 'Hoodie Hitam', 235000, 'i3.PNG', 3, 'Lembut dan sejuk', '2021-07-01 17:00:00', '2021-07-02 09:26:17');

-- --------------------------------------------------------

--
-- Struktur dari tabel `migrations`
--

CREATE TABLE `migrations` (
  `id` int(10) UNSIGNED NOT NULL,
  `migration` varchar(255) COLLATE utf8mb4_unicode_ci NOT NULL,
  `batch` int(11) NOT NULL
) ENGINE=InnoDB DEFAULT CHARSET=utf8mb4 COLLATE=utf8mb4_unicode_ci;

--
-- Dumping data untuk tabel `migrations`
--

INSERT INTO `migrations` (`id`, `migration`, `batch`) VALUES
(1, '2014_10_12_000000_create_users_table', 1),
(2, '2014_10_12_100000_create_password_resets_table', 1),
(3, '2021_07_02_093341_create_barangs_table', 1),
(5, '2021_07_02_093703_create_pesanan_details_table', 1),
(6, '2021_07_02_093447_create_pesanans_table', 2);

-- --------------------------------------------------------

--
-- Struktur dari tabel `password_resets`
--

CREATE TABLE `password_resets` (
  `email` varchar(255) COLLATE utf8mb4_unicode_ci NOT NULL,
  `token` varchar(255) COLLATE utf8mb4_unicode_ci NOT NULL,
  `created_at` timestamp NULL DEFAULT NULL
) ENGINE=InnoDB DEFAULT CHARSET=utf8mb4 COLLATE=utf8mb4_unicode_ci;

-- --------------------------------------------------------

--
-- Struktur dari tabel `pesanans`
--

CREATE TABLE `pesanans` (
  `id` bigint(20) UNSIGNED NOT NULL,
  `user_id` int(11) NOT NULL,
  `tanggal` date NOT NULL,
  `status` varchar(255) COLLATE utf8mb4_unicode_ci NOT NULL,
  `jumlah_harga` int(11) NOT NULL,
  `created_at` timestamp NULL DEFAULT NULL,
  `updated_at` timestamp NULL DEFAULT NULL
) ENGINE=InnoDB DEFAULT CHARSET=utf8mb4 COLLATE=utf8mb4_unicode_ci;

--
-- Dumping data untuk tabel `pesanans`
--

INSERT INTO `pesanans` (`id`, `user_id`, `tanggal`, `status`, `jumlah_harga`, `created_at`, `updated_at`) VALUES
(2, 1, '2021-07-02', '1', 2093000, '2021-07-02 07:05:06', '2021-07-02 09:21:33'),
(3, 1, '2021-07-02', '1', 470000, '2021-07-02 09:23:23', '2021-07-02 09:23:25'),
(4, 1, '2021-07-02', '1', 411000, '2021-07-02 09:25:55', '2021-07-02 09:26:17');

-- --------------------------------------------------------

--
-- Struktur dari tabel `pesanan_details`
--

CREATE TABLE `pesanan_details` (
  `id` bigint(20) UNSIGNED NOT NULL,
  `barang_id` int(11) NOT NULL,
  `pesanan_id` int(11) NOT NULL,
  `jumlah` int(11) NOT NULL,
  `jumlah_harga` int(11) NOT NULL,
  `created_at` timestamp NULL DEFAULT NULL,
  `updated_at` timestamp NULL DEFAULT NULL
) ENGINE=InnoDB DEFAULT CHARSET=utf8mb4 COLLATE=utf8mb4_unicode_ci;

--
-- Dumping data untuk tabel `pesanan_details`
--

INSERT INTO `pesanan_details` (`id`, `barang_id`, `pesanan_id`, `jumlah`, `jumlah_harga`, `created_at`, `updated_at`) VALUES
(2, 1, 2, 6, 918000, '2021-07-02 07:05:07', '2021-07-02 07:53:51'),
(4, 3, 2, 5, 1175000, '2021-07-02 07:19:08', '2021-07-02 07:53:43'),
(5, 3, 3, 2, 470000, '2021-07-02 09:23:23', '2021-07-02 09:23:23'),
(6, 3, 4, 1, 235000, '2021-07-02 09:25:55', '2021-07-02 09:25:55'),
(7, 2, 4, 1, 23000, '2021-07-02 09:26:05', '2021-07-02 09:26:05'),
(8, 1, 4, 1, 153000, '2021-07-02 09:26:12', '2021-07-02 09:26:12');

-- --------------------------------------------------------

--
-- Struktur dari tabel `users`
--

CREATE TABLE `users` (
  `id` bigint(20) UNSIGNED NOT NULL,
  `name` varchar(255) COLLATE utf8mb4_unicode_ci NOT NULL,
  `email` varchar(255) COLLATE utf8mb4_unicode_ci NOT NULL,
  `email_verified_at` timestamp NULL DEFAULT NULL,
  `password` varchar(255) COLLATE utf8mb4_unicode_ci NOT NULL,
  `alamat` varchar(255) COLLATE utf8mb4_unicode_ci DEFAULT NULL,
  `nohp` varchar(255) COLLATE utf8mb4_unicode_ci DEFAULT NULL,
  `remember_token` varchar(100) COLLATE utf8mb4_unicode_ci DEFAULT NULL,
  `created_at` timestamp NULL DEFAULT NULL,
  `updated_at` timestamp NULL DEFAULT NULL
) ENGINE=InnoDB DEFAULT CHARSET=utf8mb4 COLLATE=utf8mb4_unicode_ci;

--
-- Dumping data untuk tabel `users`
--

INSERT INTO `users` (`id`, `name`, `email`, `email_verified_at`, `password`, `alamat`, `nohp`, `remember_token`, `created_at`, `updated_at`) VALUES
(1, 'afif', 'afif@mail.com', NULL, '$2y$10$89WhVhvlh5t6ucS4kwyzYePsaJGsE5A2JdNAC7s5Uz4W3Bp7VhhfG', NULL, NULL, '8XczziiYp4LRbMXyv7tBrTuyFRBQyOmFOUGGFzQsaIogMGPxyiqgQIfNrXkP', '2021-07-02 06:08:04', '2021-07-02 06:08:04');

--
-- Indexes for dumped tables
--

--
-- Indeks untuk tabel `barangs`
--
ALTER TABLE `barangs`
  ADD PRIMARY KEY (`id`);

--
-- Indeks untuk tabel `migrations`
--
ALTER TABLE `migrations`
  ADD PRIMARY KEY (`id`);

--
-- Indeks untuk tabel `password_resets`
--
ALTER TABLE `password_resets`
  ADD KEY `password_resets_email_index` (`email`);

--
-- Indeks untuk tabel `pesanans`
--
ALTER TABLE `pesanans`
  ADD PRIMARY KEY (`id`);

--
-- Indeks untuk tabel `pesanan_details`
--
ALTER TABLE `pesanan_details`
  ADD PRIMARY KEY (`id`);

--
-- Indeks untuk tabel `users`
--
ALTER TABLE `users`
  ADD PRIMARY KEY (`id`),
  ADD UNIQUE KEY `users_email_unique` (`email`);

--
-- AUTO_INCREMENT untuk tabel yang dibuang
--

--
-- AUTO_INCREMENT untuk tabel `barangs`
--
ALTER TABLE `barangs`
  MODIFY `id` bigint(20) UNSIGNED NOT NULL AUTO_INCREMENT, AUTO_INCREMENT=4;

--
-- AUTO_INCREMENT untuk tabel `migrations`
--
ALTER TABLE `migrations`
  MODIFY `id` int(10) UNSIGNED NOT NULL AUTO_INCREMENT, AUTO_INCREMENT=7;

--
-- AUTO_INCREMENT untuk tabel `pesanans`
--
ALTER TABLE `pesanans`
  MODIFY `id` bigint(20) UNSIGNED NOT NULL AUTO_INCREMENT, AUTO_INCREMENT=5;

--
-- AUTO_INCREMENT untuk tabel `pesanan_details`
--
ALTER TABLE `pesanan_details`
  MODIFY `id` bigint(20) UNSIGNED NOT NULL AUTO_INCREMENT, AUTO_INCREMENT=9;

--
-- AUTO_INCREMENT untuk tabel `users`
--
ALTER TABLE `users`
  MODIFY `id` bigint(20) UNSIGNED NOT NULL AUTO_INCREMENT, AUTO_INCREMENT=2;
COMMIT;

/*!40101 SET CHARACTER_SET_CLIENT=@OLD_CHARACTER_SET_CLIENT */;
/*!40101 SET CHARACTER_SET_RESULTS=@OLD_CHARACTER_SET_RESULTS */;
/*!40101 SET COLLATION_CONNECTION=@OLD_COLLATION_CONNECTION */;
